,OWNER
0,CITY OF BOSTON PARKS/REC
1,BOSTON REDEVELOPMENT AUTHORI
2,CITY OB BOSTON PUBLIC HEALTH
3,BOSTON REDEVELOPEMENT AUTH
4,BOSTON REDEVOPMENT AUTH
5,CITY OF BOSTON PARKS COMM
6,CITY OF BOSTON TRST
7,CITY OF BOSTON PUB FACIL
8,CITY OF BOSTON PWD
9,BOSTON REDEVLOPMENT AUTH
10,CITY OF BOSTON PFD
11,BOSTON REDEVLOPMENT AUTHORIT
12,CITY OF BOSTON DND
13,BOSTON WATER AND SEWER COMM
14,BOSTON  REDEVELOPMENT
15,BOSTON REDEVELOP AUTHORITY
16,BOSTON WATER & SEWER COMM
17,BOSTON REDEVELPMNT AUTH
18,CITY OF BOSTON PARKS AND
19,CITY OF BOSTON SCHOOL DEPT
20,CITY  OF  BOSTON
21,CITY OF BOSTON CREDIT UNION
22,CITY OF BOSTON DPW
23,BOSTON DEVELOPMENT
24,CITY OF BOSTON
25,CITY OF BOSTON BY FCL
26,CITY OF BOSTON PUBLIC FACLTS
27,BOSTON REDEVELOPMENT AUTHOR
28,BOSTON REDEVELOPMENT
29,CITY OF BOSTON CONSERVATION
30,CITY OF BOSTON (PARK)
31,BOSTON HOUSING AUTH
32,BOSTON REDEVELOPMNT AUTH
33,BOSTON REDEVLPMNT AUTHOR
34,CITY OF BOSTON MUNICIPAL
35,BOSTON REDVLPMNT AUTHOR
36,CITY OF BOSTON PARKS
37,BOSTON HOUSING AUTHOURTY
38,CITY OF BOSTON PARKS & REC
39,CITY OF BOSTON (FCL)
40,CITY OF BOSTON FCL
41,CITY OF BOSTON LIBRARY DEPT
42,CITY OF BOSTON - DND
43,CITY OF BOSTON (POLICE)
44,CITY OF BOSTON FIRE DEPARTME
45,BOSTON REDVLPMNT AUTH
46,BOSTON REDEVELPMENT AUTH
47,BOSTON REDVELOPMENT AUTH
48,CITY OF BOSTON FCL.
49,BOSTON REDEVLPMNT AUTH
50,BOSTON REDEVELOPMENT LLC
51,CITY OF BOSTON (POLICE DEPT)
52,BOSTON WATER & SEWER
53,CITY OF BOSTON MUNICIPAL CP
54,BOSTON WATER AND SEWER
55,BOSTON REDEVELPOMENT AUTH
56,CITY OF BOSTON PUBLIC HEALTH
57,BOSTON REDEVELOPMENT AUTH
58,CITY OF BOSTON PUBLIC WORKS
59,BOSTON HOUSING AUTHORITY
