OWNER,Flagged
CITY OF BOSTON BY FCL,
CITY OF BOSTON,
MASS PORT AUTHORITY,1
MASSACHUSETTS PORT AUTHORITY,1
MASSACHUSETTS PORT AUTH,1
MASS BAY TRANSP AUTH,1
MASS WATER RESOURCE AUTHORTY,1
MASSPORT AUTHORITY,1
BOSTON REDEVELOPMENT,
JACOBSON DANIEL E,1
EAST BOSTON AREA PLANNING,1
PBP DEVELOPMENT LLC,1
BOSTON REDEVELOPMENT AUTHOR,
CHELSEA DEVELOPMENT,1
CHELSEA DEVELOPMENT PTN LLC,1
CITY OF BOSTON PARKS AND,
MASS TURNPIKE AUTHORITY,1
MASS PORT AUTH,1
MASSACHUSETT PORT AUTHORITY,1
HAYNES DEVELOPMENT PARTNERS,1
OCEAN CITY DEVELOPMENT LLC,1
K & K DEVELOPMENT INC,1
CITY OF BOSTON PARKS COMM,
BOSTON HOUSING AUTHORITY,
BOSTON HOUSING AUTH,
MASS WATER RESOURCE AUTH,1
BOSTON REDEVELPMENT AUTH,
BOSTON REDEVELOPMNT AUTH,
BOSTON REDEVELOPMENT AUTH,
BOSTON WATER & SEWER,
MASS WATER RESOURCES AUTH,1
MASS BAY TRANSPTATN AUTH,1
MASS BAY TRANSIT AUTH,1
MASS BAY TRANS AUTHORITY,1
MASS BAY TRANS AUTH,1
CITY SQUARE ELDERLY HOUSING,1
CITY SQUARE ELDERELY HOUSING,1